,Filter,Ridge,Lasso
Filter,1.0,0.9299830604178432,0.9401468097120271
Ridge,0.9299830604178432,1.0,0.9491812535290796
Lasso,0.9401468097120271,0.9491812535290796,1.0
