predictor,VIF
gdp_mln_eur,2386.5357993277794
population,1982.687530163584
wind_energy_gwh,167.41321270754003
price_eur_kwh,116.09576771921618
solar_energy_gwh,28.168803385323486
wind_ms,7.731190170512759
temp_c,4.201198531889019
precip_mm,1.3379691472600068
nao,1.1225591296303037
